,สิ่งของ,,ฟังก์ชัน,,ทาร์เก็ต
1,ปากกา,1,ทำให้เย็น  ,1,เด็กและเยาวชน  อายุ 8-18 ปี
2,กระดาษ,2,ทำให้อบอุ่น  ,2,นักศึกษา  อายุ 18-25 ปี
3,มือถือ,3,ชาร์จพลัง ,3,ผู้เริ่มทำงาน  อายุ 20-30 ปี
4,จักรยาน,4,ทำให้สะดวก ,4,ครอบครัวและผู้ปกครอง  อายุ 30-50 ปี
5,เครื่องบิน,5,ช่วยให้หลับ  ,5,ผู้สูงอายุ  อายุ 60 ปีขึ้นไป
6,โต๊ะ,6,ให้แสงสว่าง ,6,ผู้ประกอบการ  อายุ 25-50 ปี
7,เก้าอี้,7,บรรเทาความเจ็บปวด  ,7,นักกีฬา  อายุ 20-40 ปี
8,ตะกร้า,8,ลดเสียงรบกวน  ,8,นักวิจัย  อายุ 25-55 ปี
9,กล่อง,9,เสริมความปลอดภัย  ,9,นักการศึกษา  อายุ 25-55 ปี
10,กระเป๋า,10,ขจัดกลิ่นไม่พึงประสงค์  ,10,แม่บ้าน เพศหญิง อายุ 30-50 ปี
11,หมวก,11,ตรวจสุขภาพ  ,11,เจ้าของธุรกิจขนาดเล็ก  อายุ 25-50 ปี
12,แว่นตา,12,สื่อสารง่ายขึ้น  ,12,นักเขียน  อายุ 25-50 ปี
13,ขวดน้ำ,13,ประหยัดเวลา  ,13,ผู้ที่ทำงานในอุตสาหกรรมการผลิต  อายุ 25-50 ปี
14,ถุงมือ,14,ลดภาระ  ,14,กลุ่มผู้สูงอายุที่ต้องการการดูแลพิเศษ  อายุ 60 ปีขึ้นไป
15,ช้อนส้อม,15,เชื่อมต่ออุปกรณ์  ,15,เจ้าของร้านค้า  อายุ 25-50 ปี
16,แปรงสีฟัน,16,ควบคุมระยะไกล  ,16,ผู้ที่มองหาผลิตภัณฑ์การศึกษาออนไลน์  อายุ 18-40 ปี
17,โทรศัพท์,17,เพิ่มความสะอาด  ,17,ผู้ที่สนใจในการอนุรักษ์สิ่งแวดล้อม  อายุ 20-50 ปี
18,คอมพิวเตอร์,18,จัดระเบียบ ,18,ผู้ที่สนใจเทคโนโลยีการบ้านอัจฉริยะ  อายุ 30-50 ปี
19,นาฬิกา,19,สร้างบรรยากาศดี   ,19,ผู้ที่รักการท่องเที่ยว  อายุ 18-40 ปี
20,กุญแจ,20,ให้ความสะดวกในการเดินทาง  ,20,ผู้ที่ต้องการเครื่องมือในการพัฒนาตัวเอง  อายุ 18-40 ปี
21,ไฟฉาย,21,อำนวยความสะดวกในการทำอาหาร  ,21,กลุ่มคนที่รักการดูแลสัตว์  อายุ 20-50 ปี
22,เตารีด,22,เพิ่มการเข้าถึง  ,22,ผู้ที่สนใจในอุตสาหกรรมอาหาร  อายุ 20-50 ปี
23,หม้อหุงข้าว,23,ปรับสภาพแวดล้อม  ,23,ผู้ที่สนใจการดูแลสุขภาพจิต  อายุ 20-50 ปี
24,เครื่องปั่น,24,ทำให้การทำงานง่ายขึ้น  ,24,นักออกแบบ  อายุ 20-45 ปี
25,เครื่องดูดฝุ่น,25,เสริมการเรียนรู้  ,25,นักวิศวกรรม  อายุ 25-50 ปี
26,ตู้เย็น,26,ปรับการใช้พลังงาน   ,26,กลุ่มที่สนใจด้านสังคมและการพัฒนา  อายุ 25-50 ปี
27,เครื่องซักผ้า,27,ช่วยให้กระชับเวลา  ,27,ผู้สนใจในผลิตภัณฑ์ด้านสุขภาพ  อายุ 20-50 ปี
28,ไมโครเวฟ,28,ลดภาระทางร่างกาย   ,28,กลุ่มผู้ที่ทำงานด้านสื่อสารมวลชน  อายุ 20-50 ปี
29,กล้องถ่ายรูป,29,ขจัดความเครียด  ,29,นักพัฒนาซอฟต์แวร์  อายุ 20-40 ปี
30,จาน,30,กระตุ้นการทำงานของสมอง   ,30,กลุ่มผู้ที่ชอบทำสวน  อายุ 25-50 ปี
31,ถ้วย,31,พัฒนาทักษะ  ,31,ผู้ที่ชื่นชอบในงานศิลปะ  อายุ 20-50 ปี
32,ชาม,32,เสริมสร้างพลังจิตใจ   ,32,ผู้ที่สนใจด้านการศึกษาในต่างประเทศ  อายุ 18-30 ปี
33,แก้ว,33,ให้ความช่วยเหลือฉุกเฉิน   ,33,ผู้ที่สนใจในการทำเกษตรกรรม  อายุ 25-50 ปี
34,บัตรเครดิต,34,เพิ่มความเร็ว  ,34,กลุ่มคนที่มองหานวัตกรรมด้านการประหยัดพลังงาน  อายุ 20-50 ปี
35,ป้ายทางออก,35,ทำให้มุมมองชัดเจนขึ้น  ,35,ผู้ที่สนใจด้านการศึกษาออนไลน์  อายุ 18-40 ปี
36,ร่ม,36,สร้างความเป็นระเบียบ  ,36,ผู้ที่สนใจด้านการทำอาหารและเครื่องดื่ม  อายุ 25-45 ปี
37,ลูกบอล,37,ให้การป้องกัน  ,37,กลุ่มคนที่สนใจการใช้ชีวิตแบบยั่งยืน  อายุ 20-50 ปี
38,ลูกตุ้ม,38,เสริมการติดต่อสื่อสาร  ,38,ผู้ที่ทำงานด้านการบริการลูกค้า อายุ 20-50 ปี
39,ม้วนเทป,39,ทำให้ง่ายขึ้นในการทำความสะอาด  ,39,ผู้ที่สนใจในเทรนด์แฟชั่นและการออกแบบ อายุ 20-40 ปี
40,แผ่นเสียง,40,ควบคุมการไหลของข้อมูล   ,40,
41,เครื่องพิมพ์,41,เพิ่มความพึงพอใจ  ,,
42,เครื่องคิดเลข,42,ช่วยเพิ่มความสุข  ,,
43,ป้ายชื่อ,43,ทำให้สะดวกในการช้อปปิ้ง  ,,
44,ไม้บรรทัด,44,ลดความยุ่งยาก  ,,
45,ส้อม,45,เพิ่มการผ่อนคลาย  ,,
46,เทียน,46,ช่วยให้การเดินทางสะดวกขึ้น  ,,
47,กระดานไวท์บอร์ด,47,ตรวจจับอันตราย  ,,
48,เชือก,48,ให้การสนับสนุนทางจิตใจ   ,,
49,ทิชชู่,49,ช่วยลดการใช้แรงงาน   ,,
50,ผ้าขนหนู,50,สะดวกในการติดตาม  ,,
51,แผ่นรองเมาส์,51,ช่วยในการตัดสินใจ  -,,
52,เมาส์คอมพิวเตอร์,52,ลดการรบกวน  ,,
53,คีย์บอร์ด,53,ทำให้สามารถเข้าถึงได้ง่ายขึ้น  ,,
54,ไมค์,54,พัฒนาการทำงาน  ,,
55,หูฟัง,55,ช่วยให้มีสมาธิ  ,,
56,พัดลม,56,ช่วยให้สามารถทำหลายอย่างพร้อมกัน  ,,
57,เครื่องปรับอากาศ,57,ลดความเสี่ยง  ,,
58,ตุ๊กตา,58,ทำให้การทำงานเป็นทีมง่ายขึ้น  ,,
59,หมอน,59,ช่วยในการควบคุมเวลา  ,,
60,กางเกง,60,ปรับสภาพแวดล้อมให้เหมาะสม  ,,
61,เสื้อยืด,61,ลดความเครียดจากการทำงาน   ,,
62,รองเท้า,62,สร้างความเป็นส่วนตัว  ,,
63,กระโปรง,63,เพิ่มประสิทธิภาพในการเรียน   ,,
64,แว่นกันแดด,64,ทำให้การทำความสะอาดง่ายขึ้น  ,,
65,กระจก,65,ทำให้มีพื้นที่ใช้สอยมากขึ้น   ,,
66,นาฬิกาข้อมือ,66,ช่วยให้เห็นผลลัพธ์ได้เร็วขึ้น  ,,
67,สายรัดข้อมือ,67,ช่วยให้จัดการงานง่ายขึ้น   ,,
68,กระดาษทิชชู่,68,สร้างบรรยากาศที่ดีในการทำงาน    ,,
69,เครื่องประดับ,69,จัดเก็บข้อมูลได้ง่าย   ,,
70,เชือกรองเท้า,70,ทำให้ทำการซ่อมแซมง่ายขึ้น  ,,
71,กระเป๋าสตางค์,71,ช่วยให้การดูแลสุขภาพง่ายขึ้น   ,,
72,ไม้แขวนเสื้อ,72,เพิ่มความสะดวกในการพกพา  ,,
73,ปากกาเน้นข้อความ,73,ช่วยลดต้นทุน  ,,
74,เทปกาว,74,เพิ่มความสะดวกในการชาร์จอุปกรณ์   ,,
75,กรรไกร,75,ช่วยให้ดูแลบ้านได้ง่ายขึ้น   ,,
76,ปากกาลูกลื่น,76,ช่วยลดการสูญเสียเวลา   ,,
77,พู่กัน,77,เสริมสร้างการเชื่อมโยงกับผู้คน   ,,
78,ลูกโป่ง,78,เพิ่มความสะดวกในการจัดการทรัพยากร   ,,
79,ผ้าคลุมเตียง,79,ช่วยให้ปรับตัวได้เร็วขึ้น  ,,
80,เท้าเหยียบรถ,80,ทำให้การปรับแต่งอุปกรณ์ง่ายขึ้น   ,,
81,ไม้จิ้มฟัน,81,ช่วยให้การจัดเตรียมอาหารเร็วขึ้น    ,,
82,กระดาษห่อของขวัญ,82,เพิ่มความสะดวกในการตั้งเป้าหมาย   ,,
83,ตู้เก็บของ,83,ช่วยให้การควบคุมการเงินสะดวกขึ้น   ,,
84,เครื่องครัว,84,เพิ่มความสะดวกในการเดินทางข้ามประเทศ   ,,
85,แปรงทาสี,85,ช่วยให้ทำงานที่บ้านได้สะดวกขึ้น    ,,
86,เครื่องมือทำสวน,86,ทำให้การจดบันทึกสะดวกขึ้น,,
87,ปืนฉีดน้ำ,87,ช่วยในการประหยัดพลังงาน  ,,
88,กระป๋องน้ำมัน,88,ช่วยให้เลือกสิ่งของได้ง่ายขึ้น  ,,
89,เทียนไข,89,ทำให้การขนของง่ายขึ้น  ,,
90,ไม้ขีดไฟ,90,ช่วยในการตั้งเวลาการทำงาน   ,,
91,เครื่องปั๊มน้ำ,91,สร้างแรงบันดาลใจ  ,,
92,แผ่นฟิล์มพลาสติก,92,ทำให้การเดินทางสะดวกและปลอดภัย     ,,
93,เตียงนอน,93,จัดการการเตรียมงานง่ายขึ้น   ,,
94,โคมไฟ,94,เพิ่มการจัดการอารมณ์   ,,
95,ม้วนกระดาษ,95,ทำให้การสื่อสารเร็วขึ้น   ,,
96,แก้วน้ำร้อน,96,ช่วยในการวางแผนการเดินทาง   ,,
97,กุญแจบ้าน,97,ช่วยให้เข้าใจข้อมูลได้เร็วขึ้น   ,,
98,โทรศัพท์บ้าน,98,ช่วยจัดระเบียบความคิด  ,,
99,กรอบรูป,99,ช่วยในการเลือกแหล่งข้อมูล    ,,
100,ตะเกียง,100,ทำให้การนอนหลับดีขึ้น   ,,
101,กระเป๋าเดินทาง,101,เพิ่มการป้องกันความเสี่ยง   ,,
102,ไม้เท้า,102,ช่วยในการติดตามงานได้ดีขึ้น   ,,
103,แผ่นรองพื้น,103,ลดการสูญเสียข้อมูล   ,,
104,เครื่องตัดหญ้า,104,เสริมความยืดหยุ่นในการทำงาน   ,,
105,ตู้ใส่รองเท้า,105,ช่วยลดภาระในการขนส่ง   ,,
106,พรม,106,เพิ่มความสะดวกในการหาเส้นทาง  ,,
107,เก้าอี้สนาม,107,ช่วยให้สามารถทำงานได้หลายอย่างพร้อมกัน   ,,
108,สายชาร์จ,108,ทำให้การเลือกเสื้อผ้าง่ายขึ้น   ,,
109,ไฟสัญญาณ,109,ช่วยในการจัดระเบียบงาน   ,,
110,กรวยจราจร,110,เพิ่มการเข้าถึงข้อมูลสำคัญ     ,,
111,ถุงขยะ,111,ช่วยลดเวลาในการชาร์จอุปกรณ์    ,,
112,กล่องเก็บของ,112,ทำให้การซื้อของออนไลน์สะดวกขึ้น   ,,
113,แว่นตานิรภัย,113,ช่วยในการวางแผนงบประมาณ    ,,
114,ตัวบ่งชี้ทิศทาง,114,เพิ่มความสะดวกในการหาความรู้   ,,
115,ไมค์แอมป์,115,ทำให้การจัดเก็บสิ่งของสะดวกขึ้น   ,,
116,กล่องดนตรี,116,ช่วยให้เลือกช่วงเวลาในการทำกิจกรรมได้ดีขึ้น   ,,
117,ลูกหยอด,117,เพิ่มความสะดวกในการสั่งซื้อสินค้า  ,,
118,กะละมัง,118,ทำให้การทำงานร่วมกันง่ายขึ้น  ,,
119,บันได,119,ช่วยให้การปฏิบัติงานปลอดภัยขึ้น   ,,
120,ปลั๊กไฟ,120,ช่วยให้การดูแลรักษาทรัพย์สินง่ายขึ้น   ,,
121,แท่นวางโทรศัพท์,121,ทำให้การฟื้นฟูร่างกายเร็วขึ้น   ,,
122,กระเป๋าเป้,122,ช่วยให้การจัดการเวลามีประสิทธิภาพขึ้น   ,,
123,รางน้ำ,123,เพิ่มความสะดวกในการเข้าถึงบริการ   ,,
124,ปืนยิงลูกโป่ง,124,ช่วยในการทำกิจกรรมกลางแจ้งได้ง่ายขึ้น   ,,
125,เตียงเด็ก,125,ทำให้การรักษาความสะอาดในบ้านง่ายขึ้น   ,,
126,ถังขยะ,126,ช่วยให้มีการติดต่อสื่อสารที่ปลอดภัยขึ้น   ,,
127,บล็อกไม้,127,เพิ่มการควบคุมการทำงานในระยะไกล   ,,
128,คีม,128,ช่วยให้การควบคุมระบบการขนส่งมีประสิทธิภาพ    ,,
129,ปืนลูกซอง,129,ทำให้การสั่งซื้ออาหารสะดวกขึ้น   ,,
130,พัดลมตั้งโต๊ะ,130,ช่วยให้มีการเชื่อมต่อกับผู้อื่นได้ง่ายขึ้น    ,,
131,ส้อมย่าง,131,ช่วยลดเวลาในการทำงาน   ,,
132,เชือกกู้ภัย,132,ช่วยเพิ่มความปลอดภัยในการเดินทาง   ,,
133,กางเกงยีนส์,133,เพิ่มความสะดวกในการขนส่งสินค้า   ,,
134,กระเป๋าสตางค์หนัง,134,ทำให้การย้ายบ้านสะดวกขึ้น  ,,
135,เก้าอี้สำนักงาน,135,ช่วยจัดระเบียบข้อมูล  ,,
136,ฟองน้ำ,136,ทำให้การปรับอุณหภูมิสะดวกขึ้น   ,,
137,ไม้ทำน้ำแข็ง,137,ช่วยให้การเลือกผลิตภัณฑ์ง่ายขึ้น   ,,
138,แผ่นสะท้อนแสง,138,เพิ่มความสะดวกในการวางแผนกิจกรรม   ,,
139,กระปุกออมสิน,139,ทำให้การเก็บข้อมูลสะดวกขึ้น   ,,
140,แท่งช็อคโกแลต,140,ช่วยเพิ่มความเร็วในการชำระเงิน    ,,
141,กระดานไม้,141,ช่วยให้สามารถควบคุมเสียงได้   ,,
142,เครื่องซักผ้าพกพา,142,ทำให้การหาข้อมูลได้เร็วขึ้น   ,,
143,ลูกบอลยาง,143,ช่วยให้การขอความช่วยเหลือสะดวกขึ้น   ,,
144,เก้าอี้โยก,144,ทำให้การเตรียมงานรวดเร็วขึ้น    ,,
145,กะละมังล้างจาน,145,ช่วยในการจัดการสินค้าคงคลัง   ,,
146,เตาทำอาหาร,146,เพิ่มความสะดวกในการบริหารจัดการเวลา   ,,
147,สายยาง,147,ช่วยให้การทำซ้ำงานได้เร็วขึ้น    ,,
148,ค้อน,148,ทำให้การขนย้ายสินค้าได้ง่ายขึ้น   ,,
149,พลาสติกห่ออาหาร,149,ช่วยในการควบคุมความเร็ว  ,,
150,เต้นท์แคมป์ปิ้ง,150,ช่วยเพิ่มประสิทธิภาพการทำงาน   ,,
151,ไม้พายเรือ,151,ทำให้การทำงานร่วมกันสะดวกขึ้น   ,,
152,ขวดแชมพู,152,ช่วยให้การประมวลผลข้อมูลเร็วขึ้น    ,,
153,ขนมปัง,153,เพิ่มความสะดวกในการค้นหาสถานที่   ,,
154,กระติกน้ำแข็ง,154,ช่วยในการเชื่อมต่อกับแหล่งข้อมูลต่าง ๆ   ,,
155,กรวยใส่น้ำ,155,ช่วยลดขั้นตอนที่ซับซ้อน   ,,
156,เครื่องเป่าผม,156,ทำให้การรักษาความสะอาดในห้องง่ายขึ้น   ,,
157,อุปกรณ์ทำสวน,157,ช่วยเพิ่มความสะดวกในการวิเคราะห์ข้อมูล   ,,
158,คูลเลอร์,158,เพิ่มความสะดวกในการจัดการงานบ้าน   ,,
159,ชั้นวางของ,159,ช่วยในการเก็บรักษาข้อมูล  ,,
160,เครื่องทำกาแฟ,160,ทำให้การเลือกช่องทางการชำระเงินง่ายขึ้น    ,,
161,ปืนฉีดโฟม,161,ช่วยในการตั้งค่าระบบต่าง ๆ   ,,
162,จานรองแก้ว,162,เพิ่มความสะดวกในการตรวจสอบสถานะ   ,,
163,บัตรเข้าชม,163,ช่วยให้การใช้เครื่องมือสะดวกขึ้น   ,,
164,สายไฟ,164,ทำให้การตรวจสอบผลลัพธ์เร็วขึ้น   ,,
165,กล่องเครื่องมือ,165,ช่วยให้การทำความสะอาดในที่แคบสะดวกขึ้น     ,,
166,กระปุกเก็บเหรียญ,166,ช่วยในการควบคุมความเป็นระเบียบ  ,,
167,เตาอบ,167,ทำให้การเลือกคำตอบได้เร็วขึ้น    ,,
168,ส้อมปิ้ง,168,เพิ่มความสะดวกในการจัดเก็บเอกสาร   ,,
169,เครื่องอบผ้า,169,ช่วยในการติดตามโครงการได้ง่ายขึ้น   ,,
170,ที่ตักขยะ,170,ช่วยให้สามารถปิดระบบได้สะดวกขึ้น   ,,
171,หลอดไฟ,171,ทำให้การสั่งการง่ายขึ้น   ,,
172,ถุงมือยาง,172,เพิ่มความสะดวกในการรับส่งข้อมูล   ,,
173,แก้วน้ำเย็น,173,ช่วยเพิ่มความสะดวกในการเข้าถึงที่ทำงาน   ,,
174,กระดาษห่ออาหาร,174,ทำให้การตั้งคำถามได้ง่ายขึ้น   ,,
175,เข็มทิศเดินทาง,175,ช่วยให้การหาคู่มือใช้งานสะดวกขึ้น   ,,
176,แผ่นรองคีย์บอร์ด,176,ทำให้การรับบริการเร็วขึ้น    ,,
177,โซฟา,177,ช่วยในการติดตามการใช้งานได้สะดวกขึ้น   ,,
178,สายรัดกระเป๋า,178,ทำให้การออกแบบสะดวกขึ้น   ,,
179,กระปุกน้ำตาล,179,ช่วยให้การติดตั้งอุปกรณ์ง่ายขึ้น   ,,
180,กระติกน้ำร้อน,180,ทำให้การแบ่งปันข้อมูลง่ายขึ้น   ,,
181,กรอบกระจก,181,ช่วยให้การวัดสิ่งต่าง ๆ สะดวกขึ้น  ,,
182,กล่องใส่รองเท้า,182,เพิ่มความสะดวกในการเรียนรู้ออนไลน์   ,,
183,กล้องวงจรปิด,183,ช่วยในการจัดการการประชุม   ,,
184,เครื่องดูดฝุ่นพกพา,184,ทำให้การตรวจสุขภาพสะดวกขึ้น   ,,
185,เตียงพับ,185,ช่วยให้การเลือกเส้นทางเดินทางสะดวกขึ้น   ,,
186,ไม้ปัดฝุ่น,186,เพิ่มความสะดวกในการปรับแต่งอุปกรณ์   ,,
187,หมวกกันน็อก,187,ทำให้การคำนวณง่ายขึ้น  ,,
188,ผ้าปูที่นอน,188,ช่วยในการจัดการกับเวลาให้มีประสิทธิภาพ   ,,
189,เครื่องมือช่าง,189,ช่วยในการตรวจสอบคุณภาพสิ่งของ   ,,
190,เตียงเด็กเล็ก,190,ทำให้การสร้างสรรค์งานออกแบบง่ายขึ้น   ,,
191,ถุงมือผ้าฝ้าย,191,ช่วยให้การควบคุมแสงและสีสะดวกขึ้น     ,,
192,รองเท้าผ้าใบ,192,เพิ่มความสะดวกในการสื่อสารผ่านช่องทางต่าง ๆ   ,,
193,กระเป๋าถือ,193,ช่วยในการทำงานได้รวดเร็วขึ้น   ,,
194,กางเกงขาสั้น,194,ทำให้การเดินทางระยะไกลสะดวกขึ้น  - ,,
195,ถุงใส่ผ้า,195,ช่วยให้การทำซ้ำกระบวนการง่ายขึ้น   ,,
196,ปั๊มน้ำ,196,ช่วยในการตรวจสอบการใช้งานทรัพยากร   ,,
197,ลูกบิดประตู,197,เพิ่มความสะดวกในการจัดเก็บข้อมูลออนไลน์    ,,
198,ไฟฉุกเฉิน,198,ทำให้การออกกำลังกายสะดวกขึ้น  ,,
199,พัดลมมือถือ,199,ช่วยให้การบันทึกข้อมูลเป็นระเบียบ   ,,
200,แท่นชาร์จโทรศัพท์,200,เพิ่มความสะดวกในการค้นหาข้อมูล   ,,
201,กระดาษโน้ต,201,ช่วยในการสร้างเครือข่ายการทำงาน  ,,
202,ปากกาหมึกซึม,202,ทำให้การเรียนรู้เครื่องมือใหม่ง่ายขึ้น     ,,
203,ไมโครโฟน,203,ช่วยในการควบคุมอุปกรณ์ต่าง ๆ ได้อย่างแม่นยำ   ,,
204,ตะกร้าซักผ้า,204,ช่วยให้การจัดเตรียมอาหารเพื่อสุขภาพง่ายขึ้น    ,,
205,ลูกชุบ,205,ทำให้การทำงานแบบทีมมีประสิทธิภาพขึ้น   ,,
206,แผ่นกันลื่น,206,เพิ่มความสะดวกในการทำรายการซื้อของ    ,,
207,กล่องจดหมาย,207,ช่วยให้การจัดการคำขอจากลูกค้าสะดวกขึ้น    ,,
208,ขวดแก้ว,208,ทำให้การแก้ปัญหาฉุกเฉินเร็วขึ้น    ,,
209,กระเป๋าผ้า,209,ช่วยให้การจัดการภารกิจได้ง่ายขึ้น   ,,
210,เตาทำอาหารแบบพกพา,210,เพิ่มความสะดวกในการกำหนดเป้าหมาย   ,,
211,แผ่นกันเสียง,211,ช่วยให้การควบคุมอุปกรณ์ไฟฟ้าสะดวกขึ้น    ,,
212,เก้าอี้พับ,212,ทำให้การตรวจสอบประสิทธิภาพการทำงานสะดวกขึ้น   ,,
213,พัสดุห่อของ,213,ช่วยให้การจัดการไฟล์ได้สะดวกขึ้น   ,,
214,กระดานดำ,214,เพิ่มความสะดวกในการติดตามประสิทธิภาพการเรียน    ,,
215,ชุดเครื่องมืออิเล็กทรอนิกส์,215,ทำให้การแก้ไขข้อมูลสะดวกขึ้น   ,,
216,อุปกรณ์กีฬา,216,ช่วยให้การตรวจสอบการทำงานร่วมกันง่ายขึ้น   ,,
217,สติ๊กเกอร์,217,เพิ่มความสะดวกในการแยกแยะข้อมูลสำคัญ     ,,
218,กล่องเครื่องเขียน,218,ทำให้การสำรองข้อมูลสะดวกขึ้น   ,,
219,ตุ๊กตาหมี,219,ช่วยในการวางแผนพัฒนาอย่างเป็นระบบ    ,,
220,เครื่องพิมพ์ 3,220,ทำให้การบันทึกข้อมูลเสียงสะดวกขึ้น   ,,
221,หมวกนิรภัย,221,เพิ่มความสะดวกในการออกแบบระบบต่าง ๆ   ,,
222,พู่กันวาดรูป,222,ช่วยให้การวิเคราะห์ข้อมูลจากหลายแหล่งสะดวกขึ้น    ,,
223,ดินสอสี,223,ทำให้การควบคุมการจราจรสะดวกขึ้น   ,,
224,จานชามพลาสติก,224,ช่วยให้การปรับปรุงผลิตภัณฑ์ง่ายขึ้น   ,,
225,แผ่นฟองน้ำล้างจาน,225,ทำให้การจัดการความเสี่ยงในโครงการสะดวกขึ้น     ,,
226,ถังใส่ขยะรีไซเคิล,226,ช่วยให้การเลือกเครื่องมือทำงานสะดวกขึ้น   ,,
227,แท่งเทียน,227,เพิ่มความสะดวกในการจัดการคำสั่งซื้อ   ,,
228,ตู้เก็บเสื้อผ้า,228,ทำให้การวางแผนการเงินง่ายขึ้น   ,,
229,ลูกฟุตบอล,229,ช่วยในการคัดเลือกผู้สมัครงานสะดวกขึ้น    ,,
230,หมอนอิง,230,เพิ่มความสะดวกในการทำให้โครงการสำเร็จลุล่วง   ,,
231,ไฟสปอร์ตไลท์,231,ช่วยให้การติดตามการเติบโตของพืชสะดวกขึ้น    ,,
232,แผ่นพลาสติกกันน้ำ,232,เพิ่มความสะดวกในการติดตามอุณหภูมิภายในห้อง    ,,
233,ตู้แช่เย็น,233,ช่วยให้การหาคำตอบได้เร็วขึ้น    ,,
234,กระจกขอบกรอบ,234,ทำให้การควบคุมคุณภาพสิ่งแวดล้อมสะดวกขึ้น    ,,
235,เครื่องตัดผม,235,ช่วยให้การติดตั้งโปรแกรมสะดวกขึ้น   ,,
236,ที่ปั๊มลม,236,ช่วยในการคำนวณงบประมาณได้ง่ายขึ้น   ,,
237,เครื่องชาร์จโทรศัพท์,237,เพิ่มความสะดวกในการสั่งงานเครื่องจักร   ,,
238,แว่นตาเลนส์ขยาย,238,ทำให้การออกแบบการใช้พลังงานสะดวกขึ้น    ,,
239,ตู้โชว์,239,ช่วยให้การเก็บรักษาความปลอดภัยสะดวกขึ้น   ,,
240,กระต่ายตัวใหญ่,240,ช่วยให้การติดตั้งระบบไฟฟ้าสะดวกขึ้น    ,,
241,กุญแจสำรอง,241,เพิ่มความสะดวกในการบันทึกเสียง   ,,
242,เก้าอี้เลานจ์,242,ช่วยให้การบันทึกผลการทดลองสะดวกขึ้น   ,,
243,ที่เปิดขวด,243,ทำให้การเก็บข้อมูลจากอุปกรณ์ต่าง ๆ สะดวกขึ้น     ,,
244,กาน้ำชา,244,ช่วยให้การเลือกแหล่งข้อมูลได้ง่ายขึ้น    ,,
245,แถบกาวสองหน้า,245,เพิ่มความสะดวกในการจัดการโปรเจ็กต์   ,,
246,ตะเกียงน้ำมัน,246,ช่วยในการวางแผนการใช้ทรัพยากรได้ดีขึ้น   ,,
247,เสื้อกันฝน,247,ช่วยให้การตั้งค่าระบบเครื่องมือสะดวกขึ้น   ,,
248,กล่องอาหารกลางวัน,248,ทำให้การจัดระเบียบงานสำคัญสะดวกขึ้น    ,,
249,จานรองถ้วย,249,เพิ่มความสะดวกในการตรวจสอบความเสถียรของระบบ    ,,
250,ตู้ลิ้นชัก,250,ช่วยในการคำนวณระยะเวลาในการทำงานได้แม่นยำขึ้น    ,,
251,ปากกาดำ,251,ทำให้การจัดการโปรแกรมคอมพิวเตอร์สะดวกขึ้น   ,,
252,คาร์ทริดจ์หมึก,252,ช่วยให้การแบ่งปันข้อมูลได้ง่ายขึ้น   ,,
253,หมวกบาสเก็ตบอล,253,ช่วยให้การวางแผนการศึกษาสะดวกขึ้น   ,,
254,ลูกโป่งยาง,254,ทำให้การจัดการระบบการเงินสะดวกขึ้น    ,,
255,หูฟังไร้สาย,255,ช่วยให้การตั้งค่าสภาพแวดล้อมทำงานสะดวกขึ้น    ,,
256,กรอบกระดาษ,256,เพิ่มความสะดวกในการเลือกเครื่องมือการผลิต    ,,
257,กล่องใส่เครื่องประดับ,257,ช่วยให้การปรับสภาพแวดล้อมในที่ทำงานสะดวกขึ้น    ,,
258,ถุงใส่ขยะ,258,ทำให้การตรวจสอบระบบสุขภาพสะดวกขึ้น    ,,
259,ถุงมือหนัง,259,ช่วยในการปรับปรุงกระบวนการผลิตได้เร็วขึ้น     ,,
260,เครื่องเล่นเกมส์,260,เพิ่มความสะดวกในการเชื่อมต่อกับผู้ให้บริการ    ,,
261,เครื่องคำนวณ,261,ช่วยให้การประเมินผลการทำงานสะดวกขึ้น   ,,
262,โซฟาเบด,262,ทำให้การทำงานร่วมกับทีมสะดวกขึ้น   ,,
263,ชุดฟิตเนส,263,เพิ่มความสะดวกในการติดตามสถานะการสั่งซื้อ    ,,
264,ตู้หนังสือ,264,ช่วยให้การบันทึกงานในเอกสารสะดวกขึ้น    ,,
265,โคมไฟตั้งโต๊ะ,265,ทำให้การเลือกที่นั่งในการประชุมสะดวกขึ้น    ,,
266,ป้ายบอกทาง,266,ช่วยในการตรวจสอบความคืบหน้าในการทำงานได้เร็วขึ้น     ,,
267,กะทะ,267,ทำให้การพัฒนาผลิตภัณฑ์สะดวกขึ้น   ,,
268,ถ้วยพลาสติก,268,ช่วยในการติดตั้งระบบคอมพิวเตอร์สะดวกขึ้น    ,,
269,ชุดทำความสะอาด,269,เพิ่มความสะดวกในการค้นหาความรู้ใหม่ ๆ    ,,
270,แผ่นบันทึกเสียง,270,ทำให้การจัดการการประชุมออนไลน์สะดวกขึ้น    ,,
271,กรวยน้ำมัน,271,ช่วยให้การปรับเปลี่ยนแผนการทำงานสะดวกขึ้น    ,,
272,ผ้าห่ม,272,ทำให้การรับข้อมูลจากผู้ใช้สะดวกขึ้น    ,,
273,ไม้เชือก,273,เพิ่มความสะดวกในการจัดการการผลิตสินค้า   ,,
274,เชือกโยง,274,ช่วยในการควบคุมสภาพอากาศในอาคารสะดวกขึ้น    ,,
275,เครื่องเขียน,275,ทำให้การจัดการเอกสารการเงินสะดวกขึ้น    ,,
276,เสื้อคลุม,276,ช่วยให้การออกแบบระบบการขนส่งสะดวกขึ้น    ,,
277,ที่เปิดกระป๋อง,277,ทำให้การบำรุงรักษาเครื่องจักรง่ายขึ้น   ,,
278,ถุงมือสกี,278,ช่วยให้การตรวจสอบข้อมูลได้เร็วขึ้น    ,,
279,ที่นั่งสนาม,279,เพิ่มความสะดวกในการวิเคราะห์ข้อมูลเชิงลึก    ,,
280,ตุ๊กตาผ้า,280,ช่วยให้การตรวจสอบคุณภาพสินค้าเร็วขึ้น     ,,
281,ยางรถยนต์,281,ช่วยให้การเดินทางด้วยจักรยานสะดวกขึ้น   ,,
282,กล่องเครื่องมือช่าง,282,ทำให้การค้นหาสถานที่สะดวกขึ้น   ,,
283,กระเป๋าเป้สะพายหลัง,283,ช่วยในการเชื่อมต่อระหว่างอุปกรณ์ต่าง ๆ ได้ง่ายขึ้น   ,,
284,ป้ายเตือนภัย,284,เพิ่มความสะดวกในการจัดเตรียมการนำเสนอ   ,,
285,ร่มสนาม,285,ทำให้การปรับปรุงพื้นที่ทำงานสะดวกขึ้น   ,,
286,โต๊ะเก้าอี้พลาสติก,286,ช่วยให้การทำงานหลายอย่างพร้อมกันสะดวกขึ้น  ,,
287,เครื่องนวด,287,ทำให้การรักษาความสะอาดในบ้านสะดวกขึ้น   ,,
288,เตียงพับได้,288,เพิ่มความสะดวกในการติดตามการออกกำลังกาย   ,,
289,ตู้เสื้อผ้า,289,ช่วยในการจัดการการเดินทางระยะยาวสะดวกขึ้น  -  ,,
290,ตะกร้าผลไม้,290,ทำให้การตรวจสอบสถานะการขนส่งสะดวกขึ้น    ,,
291,ช้อนส้อมพลาสติก,291,ช่วยให้การควบคุมอุณหภูมิในบ้านสะดวกขึ้น    ,,
292,กระเป๋าเครื่องสำอาง,292,ทำให้การเชื่อมโยงข้อมูลระหว่างแอปพลิเคชันต่าง ๆ ง่ายขึ้น     ,,
293,กล่องใส่ของ,293,ช่วยให้การติดตามการทำงานของเครื่องจักรง่ายขึ้น   ,,
294,หม้อ,294,เพิ่มความสะดวกในการชำระเงินออนไลน์   ,,
295,เครื่องชงกาแฟ,295,ช่วยให้การจัดการกิจกรรมครอบครัวสะดวกขึ้น    ,,
296,เข็มขัด,296,ทำให้การติดตามข่าวสารจากแหล่งต่าง ๆ สะดวกขึ้น   ,,
297,แปรงหวีผม,297,ช่วยให้การติดตั้งอุปกรณ์อิเล็กทรอนิกส์สะดวกขึ้น   ,,
298,เครื่องตัดกระดาษ,298,ทำให้การบริหารจัดการเวลาในวันทำงานสะดวกขึ้น     ,,
299,ถุงนอน,299,เพิ่มความสะดวกในการใช้บริการสาธารณะ    ,,
300,หมวกว่ายน้ำ,300,ช่วยให้การใช้เครื่องมือการทำงานได้ง่ายขึ้น   ,,
301,ตู้เย็นขนาดเล็ก,301,ทำให้การเรียนการสอนออนไลน์สะดวกขึ้น   ,,
302,เตารีดไอน้ำ,302,ช่วยให้การเก็บรักษาข้อมูลออนไลน์สะดวกขึ้น    ,,
303,แป้งทาหน้า,303,เพิ่มความสะดวกในการเข้าถึงข้อมูลสำคัญ     ,,
304,ลูกเหล็ก,304,ช่วยในการควบคุมการใช้พลังงานในบ้านสะดวกขึ้น    ,,
305,แผ่นพับ,305,ทำให้การคำนวณการเงินสะดวกขึ้น   ,,
306,เชือกยาง,306,ช่วยในการติดตามการบริโภคอาหารสะดวกขึ้น    ,,
307,ผ้าขนหนูขนาดเล็ก,307,เพิ่มความสะดวกในการตรวจสอบระดับสุขภาพ    ,,
308,ถังน้ำ,308,ทำให้การทำงานในโครงการทีมสะดวกขึ้น    ,,
309,ขวดโหล,309,ช่วยในการจัดการการทำงานจากที่บ้านสะดวกขึ้น    ,,
310,ที่คว่ำจาน,310,เพิ่มความสะดวกในการวิเคราะห์ผลลัพธ์ทางการตลาด   ,,
311,ปั๊มลม,311,ช่วยในการตั้งเวลาเพื่อจัดการกิจกรรมต่าง ๆ   ,,
312,เตาไมโครเวฟ,312,ทำให้การตรวจสอบสภาพรถยนต์สะดวกขึ้น    ,,
313,ถุงเท้าผ้า,313,ช่วยให้การปรับแต่งโฆษณาออนไลน์สะดวกขึ้น    ,,
314,เครื่องคิดเลขพกพา,314,ทำให้การจัดระเบียบการประชุมสะดวกขึ้น   ,,
315,ถุงใส่รองเท้า,315,เพิ่มความสะดวกในการบริหารจัดการโครงการพัฒนา    ,,
316,เครื่องบดกาแฟ,316,ช่วยให้การสั่งซื้อสินค้าออนไลน์สะดวกขึ้น   ,,
317,ปลั๊กไฟสามตา,317,ทำให้การคำนวณภาษีสะดวกขึ้น   ,,
318,หมอนรองคอ,318,ช่วยให้การทำงานกับเครื่องมือการออกแบบสะดวกขึ้น    ,,
319,พรมเช็ดเท้า,319,เพิ่มความสะดวกในการประสานงานในองค์กร   ,,
320,เครื่องแต่งหน้า,320,ทำให้การตรวจสอบคุณภาพบริการสะดวกขึ้น    ,,
321,ไม้ยืด,321,ช่วยให้การจัดการงานส่วนตัวสะดวกขึ้น    ,,
322,แผ่นฟิล์มกันน้ำ,322,ทำให้การติดตามการสื่อสารภายในองค์กรสะดวกขึ้น    ,,
323,โต๊ะทำงาน,323,เพิ่มความสะดวกในการสร้างระบบอัตโนมัติ    ,,
324,แปรงทาผนัง,324,ช่วยในการปรับเปลี่ยนแผนงานได้เร็วขึ้น     ,,
325,เครื่องฟอกอากาศ,325,ทำให้การจัดการการดูแลลูกค้าสะดวกขึ้น    ,,
326,ถุงพลาสติก,326,ช่วยในการควบคุมการใช้งานอุปกรณ์อิเล็กทรอนิกส์สะดวกขึ้น    ,,
327,เข็มทิศ,327,เพิ่มความสะดวกในการสร้างความร่วมมือระหว่างทีม   ,,
328,ม้านั่งสวน,328,ทำให้การตรวจสอบสินค้าคงคลังสะดวกขึ้น   ,,
329,หมวกเบสบอล,329,ช่วยให้การพัฒนาแอปพลิเคชันสะดวกขึ้น   ,,
330,รองเท้าบูท,330,ทำให้การรักษาความปลอดภัยทางไซเบอร์สะดวกขึ้น   ,,
331,ผ้าปูโต๊ะ,331,ช่วยในการลดความยุ่งยากในการขนย้ายของ    ,,
332,กรรไกรตัดผม,332,ทำให้การวางแผนการเงินง่ายขึ้น   ,,
333,เครื่องเล่นซีดี,333,ช่วยให้การติดตามสถานะสต็อกสินค้าสะดวกขึ้น    ,,
334,โทรศัพท์สำนักงาน,334,เพิ่มความสะดวกในการจัดการเอกสารออนไลน์    ,,
335,แฟ้มเอกสาร,335,ทำให้การจัดระเบียบข้อมูลภายในเครื่องสะดวกขึ้น    ,,
336,สก็อตเทป,336,ช่วยให้การตั้งค่าความปลอดภัยในบ้านสะดวกขึ้น    ,,
337,ดินสอ,337,เพิ่มความสะดวกในการปรับเปลี่ยนการตั้งค่าอุปกรณ์    ,,
338,เครื่องถ่ายเอกสาร,338,ทำให้การเลือกสินค้าสำหรับซื้อสะดวกขึ้น     ,,
339,ปฏิทิน,339,ช่วยให้การติดต่อกับลูกค้าผ่านช่องทางต่าง ๆ ง่ายขึ้น     ,,
340,สมุดบันทึก,340,เพิ่มความสะดวกในการติดตามผลการศึกษาหรือการเรียน      ,,
341,พวงกุญแจสำนักงาน,341,ทำให้การประมวลผลข้อมูลได้เร็วขึ้น    ,,
342,กล่องเก็บเอกสาร,342,ช่วยให้การเชื่อมโยงและแชร์ไฟล์ออนไลน์สะดวกขึ้น      ,,
343,กระดาษรีไซเคิล,343,ทำให้การเดินทางไกลสะดวกขึ้น  - ,,
344,ป้ายกำกับ,344,ช่วยในการจัดการกิจกรรมการประชุมสะดวกขึ้น    ,,
345,กระดาษซองจดหมาย,345,เพิ่มความสะดวกในการตรวจสอบสถานะของระบบ    ,,
346,แท่นวางคอมพิวเตอร์,346,ทำให้การติดตั้งแอปพลิเคชันสะดวกขึ้น   ,,
347,กระเป๋าใส่เอกสาร,347,ช่วยให้การตรวจสอบสภาพแวดล้อมทำงานสะดวกขึ้น    ,,
348,ตะกร้าขยะ,348,ทำให้การปรับแต่งการแสดงผลของจอภาพสะดวกขึ้น    ,,
349,ป้ายเตือน,349,เพิ่มความสะดวกในการจัดการเวลาที่ใช้ในการทำงาน     ,,
350,ราวแขวนเสื้อ,350,ช่วยให้การควบคุมและดูแลเครื่องมือทำงานสะดวกขึ้น   ,,
351,กระดาษสี,351,ทำให้การติดตามพัฒนาการของโครงการสะดวกขึ้น    ,,
352,สติกเกอร์,352,ช่วยให้การวางแผนกิจกรรมวันหยุดสะดวกขึ้น    ,,
353,ที่เก็บปากกา,353,ทำให้การซื้อขายสินค้าออนไลน์สะดวกขึ้น  - ,,
354,ปากกาเขียนกระดานไวท์บอร์ด,354,เพิ่มความสะดวกในการใช้งานโซเชียลมีเดีย    ,,
355,เครื่องตั้งเวลา,355,ช่วยให้การดูแลสุขภาพสะดวกขึ้น   ,,
356,ลำโพง,356,ทำให้การตั้งค่าระบบเสียงสะดวกขึ้น    ,,
357,เครื่องสแกนเอกสาร,357,ช่วยให้การจัดระเบียบบ้านสะดวกขึ้น   ,,
358,ตู้เก็บเอกสาร,358,ทำให้การติดต่อกับผู้ให้บริการออนไลน์สะดวกขึ้น     ,,
359,เรือใบ,359,ช่วยให้การสั่งอาหารออนไลน์สะดวกขึ้น    ,,
360,ทุ่นลอยน้ำ,360,เพิ่มความสะดวกในการเลือกสินค้าสำหรับการใช้งานส่วนตัว    ,,
361,ห่วงยาง,361,ทำให้การตรวจสอบผลลัพธ์ของการตลาดสะดวกขึ้น    ,,
362,กระดานโต้คลื่น,362,ช่วยให้การทำงานกับเครื่องมือสร้างกราฟิกสะดวกขึ้น     ,,
363,เครื่องดำน้ำ,363,เพิ่มความสะดวกในการจัดการไฟล์บนคอมพิวเตอร์     ,,
364,สมอเรือ,364,ทำให้การใช้เครื่องมือการพัฒนาซอฟต์แวร์สะดวกขึ้น     ,,
365,แว่นตาดำน้ำ,365,ช่วยให้การเลือกโปรแกรมการเรียนรู้สะดวกขึ้น    ,,
366,หมวกกันแดด,366,ทำให้การตั้งเวลาและการแจ้งเตือนสะดวกขึ้น     ,,
367,ร่มชายหาด,367,ช่วยในการติดตามเป้าหมายการทำงานสะดวกขึ้น    ,,
368,ตาข่ายจับปลา,368,ทำให้การควบคุมการเข้าถึงข้อมูลสะดวกขึ้น     ,,
369,เชือกทะเล,369,เพิ่มความสะดวกในการทำงานร่วมกับลูกทีม   ,,
370,แผนที่ทะเล,370,ช่วยในการตรวจสอบและวิเคราะห์ข้อมูลการทำงานสะดวกขึ้น      ,,
371,เครื่องมือดำน้ำ,371,ทำให้การสร้างระบบฐานข้อมูลสะดวกขึ้น    ,,
372,กล้องส่องทางไกล,372,เพิ่มความสะดวกในการสื่อสารกับผู้ให้คำแนะนำออนไลน์    ,,
373,หินทะเล,373,ช่วยให้การควบคุมการทำงานของเครื่องมือการผลิตสะดวกขึ้น    ,,
374,พายเรือ,374,ทำให้การวางแผนการใช้พลังงานสะดวกขึ้น    ,,
375,เสื้อชูชีพ,375,ช่วยในการจัดการแหล่งข้อมูลออนไลน์สะดวกขึ้น    ,,
376,กระติกน้ำทะเล,376,ทำให้การจัดการการซ่อมแซมเครื่องมือสะดวกขึ้น    ,,
377,เกาะ,377,เพิ่มความสะดวกในการปรับแต่งการตั้งค่าอุปกรณ์มือถือ     ,,
378,เตียงชายหาด,378,ทำให้การติดตามและบันทึกการใช้พลังงานสะดวกขึ้น      ,,
379,กระเป๋าชายหาด,379,ช่วยให้การตรวจสอบคุณภาพของผลิตภัณฑ์สะดวกขึ้น    ,,
380,ท่าเรือ,380,ทำให้การทำงานร่วมกับเครื่องมือออนไลน์สะดวกขึ้น    ,,
381,ดวงอาทิตย์,381,เพิ่มความสะดวกในการจัดการไฟล์บนคอมพิวเตอร์     ,,
382,แว่นตากันแดด,382,ทำให้การใช้เครื่องมือการพัฒนาซอฟต์แวร์สะดวกขึ้น     ,,
383,เสื้อคลุมชายหาด,383,ช่วยให้การเลือกโปรแกรมการเรียนรู้สะดวกขึ้น    ,,
384,เต็นท์,384,ทำให้การตั้งเวลาและการแจ้งเตือนสะดวกขึ้น     ,,
385,แผนที่,385,ช่วยในการติดตามเป้าหมายการทำงานสะดวกขึ้น    ,,
386,ไฟแคมป์,386,ทำให้การควบคุมการเข้าถึงข้อมูลสะดวกขึ้น     ,,
387,หม้อทำอาหาร,387,เพิ่มความสะดวกในการทำงานร่วมกับลูกทีม   ,,
388,เตาปิ้งย่าง,388,ทำให้การสร้างระบบฐานข้อมูลสะดวกขึ้น    ,,
389,เก้าอี้แคมป์,389,ช่วยให้การควบคุมการทำงานของเครื่องมือการผลิตสะดวกขึ้น    ,,
390,ชุดปฐมพยาบาล,390,ทำให้การวางแผนการใช้พลังงานสะดวกขึ้น    ,,
391,เครื่องกรองน้ำ,391,ช่วยในการจัดการแหล่งข้อมูลออนไลน์สะดวกขึ้น    ,,
392,เตาอุ่นอาหาร,392,ทำให้การจัดการการซ่อมแซมเครื่องมือสะดวกขึ้น,,
393,ปิ่นโต,393,ช่วยให้การตรวจสอบคุณภาพของผลิตภัณฑ์สะดวกขึ้น,,
394,กระเป๋าเดินป่า,,,,
395,ถุงมือเดินป่า,,,,
396,รองเท้าปีนเขา,,,,
397,แผ่นรองนอน,,,,
398,กระป๋องอาหาร,,,,
399,หม้อหุงข้าวแคมป์,,,,
400,ถังขยะพกพา,,,,
401,หลอดไฟพกพา,,,,
402,ร่มขนาดเล็ก,,,,
403,ขวดน้ำพกพา,,,,
404,กางเกงเดินป่า,,,,
405,ม้านั่งไม้,,,,
406,หมวกผ้าพันคอ,,,,
407,กระติกน้ำทะเล,,,,
408,เตียงชายหาด,,,,
409,กระเป๋าชายหาด,,,,
410,ท่าเรือ,,,,
411,ดวงอาทิตย์,,,,
412,แว่นตากันแดด,,,,
413,เสื้อคลุมชายหาด,,,,
414,เข็มทิศ,,,,
415,เต็นท์,,,,
416,ถุงนอน,,,,
417,แผนที่,,,,
418,ไฟแคมป์,,,,
419,ไม้ขีดไฟ,,,,
420,ไฟฉาย,,,,
421,กระเป๋าเดินทาง,,,,
422,หม้อทำอาหาร,,,,
423,เตาปิ้งย่าง,,,,
424,ตะเกียง,,,,
425,เก้าอี้แคมป์,,,,
426,หมวกกันแดด,,,,
427,ชุดปฐมพยาบาล,,,,
428,เชือก,,,,
429,เสื้อกันฝน,,,,
430,เครื่องกรองน้ำ,,,,
431,แปรงสีฟัน,,,,
432,ขวดน้ำ,,,,
433,เครื่องมือทำสวน,,,,
434,เตาอุ่นอาหาร,,,,
435,กระติกน้ำร้อน,,,,
436,ปิ่นโต,,,,
437,กระเป๋าเดินป่า,,,,
438,แว่นตากันแดด,,,,
439,ถุงมือเดินป่า,,,,
440,รองเท้าปีนเขา,,,,
441,แผ่นรองนอน,,,,
442,กระป๋องอาหาร,,,,
443,หม้อหุงข้าวแคมป์,,,,
444,ถังขยะพกพา,,,,
445,หลอดไฟพกพา,,,,
446,ร่มขนาดเล็ก,,,,
447,ขวดน้ำพกพา,,,,
448,กางเกงเดินป่า,,,,
449,ม้านั่งไม้,,,,
450,หมวกผ้าพันคอ,,,,